fichier|title|extension|langue|annee
La Banda Picasso||.avi||
La Bataille D Angleterre||.mkv||1969
La Bete||.mkv||2010
La Boum 2||.avi||1982
La Case de l Oncle Tom||.mkv||1965
La Chevre||.avi||1981
La cite des enfants perdus||.mkv||1995
La Cousine Angélique||.mkv|VOSTFR|1974
La derniere legion||.mkv||2007
La disparition de Sidney Hall||.avi||2018
La Femme des steppes, le flic et l'oeuf|Öndög|.mkv|VOSTFR|2019
La Foire des Tenebres||.mkv||1983
La folle histoire de La fete a la maison||.mkv||
La Gloire De Mon Pere||.mkv||1990
La Grande Inondation||.avi||2007
La Guerre Des Boutons||.mkv||1962
La Guerre Des Tuques||.mkv||1984
La Lengua De Las Mariposas||.mkv|VOSTFR|1999
La Ley De Herodes||.mkv|VOSTFR|1999
La Lune de Jupiter||.avi||2017
La légende de Pocahontas||.mkv||1995
La Machine à explorer le Temps||.avi||1960
La maison biscornue||.avi||2018
La Maison des Sévices||.avi||2006
La maison du futur||.mkv||1999
La Malédiction de Toutankhamon||.mp4||2021
La Malédiction du Temple Maya||.mkv||
La marquise d'O||.mkv||1976
La Montagne Sacrée||.mkv|VOSTFR|1973
La naissance d'une nouvelle star||.mkv||2004
La Nativité||.avi||
La Papesse||.avi||1975
La petite fille au bout du chemin||.avi||1976
La petite fille qui aimait trop les allumettes||.mkv||2017
La petite sirene||.avi||
La Promesse De L Aube||.avi||2017
La Prophétie de l'horloge||.avi||2018
La région sauvage||.mkv|VOSTFR|2016
La Secte||.avi||2006
La Sicilienne|La Siciliana Ribelle|.mkv||2008
La Traversee de Paris||.mkv||1956
La Valise||.avi||1973
La Vamp du Bahut||.mkv||1981
La Vie Dissolue De Gerard Floque||.mkv||1986
La vie passionnée de Vincent Van Gogh||.mkv||1956
La Vie Privée de Sherlock Holmes||.mkv||1970
La Voie Tracee||.mkv||2003
La bambola di Satana||.mkv||1969
La Cienaga||.mkv|VOSTFR|2001
La danza de la realidad||.avi|VOSTFR|
La fille de tes reves|La niña de tus ojos|.mkv|MULTI|1998
La Cousine Angelique||.mkv|VOSTFR|1974
La recette secrète de l'amour||.mkv||2021
La vallee||.mkv||1972
La Flute Enchantee||.mkv|VOSTFR|1975
La Règle du Jeu||.mkv||1939
La reine des jeux||.mp4||
La revanche de sherlock holmes||.avi||
La revanche de Sherlock Holmes||.ts||
La Revelation||.mkv||1973
La Traversee||.mp4||2022
La Princesse Enchantée||.avi||2021
La Mystérieuse Mademoiselle C||.m4v||2002
La Grande Sauterelle||.mkv||1967
La Traversee||.avi||2012
La maison des spectres||.avi||1982
La Petite Bande||.mp4||2022
La Mandragore (La Mandragola)||.mkv|MULTI|1965
La Partie d'Echecs||.avi||
La guerre des fées||.avi||
La Guerre Des Miss||.avi||
La Panthere Rose 2||.mkv||2009
La Momie - La Tombe de l'Empereur||.avi||
La Momie 1||.mkv||1999
La Nuit du 12||.mp4||2022
La Nuit des Sorcières||.mkv|VOSTFR|1974
La vie d'Adele||.mkv||2013
La Croisade||.mp4||2021
La Course Au Tresor||.mkv||1977
La Tres Tres Grande Classe||.mp4||2022
La Petite Fille Au Bout Du Chemin||.mkv||1976
La Machine à explorer le Temps||.mkv|MULTI|2002
La prof du bahut||.mkv||
La Mif||.mp4||2022
La Flor - part 1||.mkv|VOSTFR|2019
La Flor - part 2||.mkv|VOSTFR|2019
La Flor - part 3||.mkv|VOSTFR|2019
La Flor - part 4||.mkv|VOSTFR|2019
Le Baiser de la femme araignee||.mkv||1985
Le bon apôtre||.avi||2018
Le Bon La Brute et le Truand||.avi||
Le bonheur||.mkv||
Le boulanger de Suresnes||.mp4||
Le cahier volé||.avi||1993
Le casse de l'oncle Tom||.avi||
Le Chaperon rouge||.avi||2011
Le Chateau de ma Mere||.mkv||1990
Le chaud lapin||.mkv||1974
Le chemin du passe||.mkv||2013
Le Choc Du Futur||.mkv||2019
Le château de verre||.avi||2017
Le club des cinq en péril||.avi||
Le Club des Cinq et la vallée des dinosaures||.mkv||2018
Le Colosse de Hong kong||.mkv||1977
Le commando de sa majesté||.mkv||1980
Le cri du cormoran le soir au dessus des jonques||.mkv||1971
Le Crime de l'Orient-Express||.avi||2017
Le decameron||.mkv||1971
Le Detective||.mkv||1968
Le Distrait||.mkv||1970
Le Doudou||.mkv||2018
Le défi||.mkv||2003
Le fantome de l'opera||.mp4||1989
Le Garagiste||.mkv||2015
Le Gardien des mondes|Chernovik|.avi||2018
Le Jeu||.mkv||2018
Le Jouet||.avi||1976
Le Journal d Anne Frank (1959||.avi||
Le jumeau||.mkv||1984
Le Labyrinthe De Pan||.mkv||2006
Le Lagon bleu||.mkv||1980
Le magicien d'oz||.avi||1939
Le Maitre d'ecole||.mkv||1981
Le mariage de mon meilleur ami||.mkv||1997
Le Maître des lieux||.mkv||1995
Le maître qui laissait l'enfant rêver||.mp4||
Le Monde Des Morts-vivants||.avi||1974
Le Monde Perdu||.mkv||1960
Le monde perdu - Jurassic Park||.avi||1997
Le Monocle Rit Jaune||.mkv||1964
Le musée des merveilles-||.mkv||2017
Le Parfum, histoire d'un meurtrier||.mkv||2006
Le Pere Noel Est Une Ordure||.avi||1982
Le Pic de Dante||.mkv|MULTI|1997
Le Prestige 2||.avi||2006
Le père de mes enfants||.avi||2009
Le renne des neiges||.mkv||2015
Le Retour de Casanova||.avi||1992
Le retour de Mary Poppins||.avi||2018
Le Retour Des Morts-vivants||.avi|VOSTFR|1973
Le retour des mystères de l'Ouest||.mkv||1979
Le Roi Des Aulnes||.avi||1996
Le Roi des Cons||.avi||1981
Le sacrifice|Offret|.mkv||1986
Le Saint||.mkv||1997
Le secret du lac||.mkv||1986
Le Fantome de l Opera au Royal Albert Hall||.mkv|VOSTFR|2011
le seigneur des anneaux 3 - le retour du roi||.avi||
Le Seigneur des anneaux II, les deux tours||.avi||2002
Le Tresor Du Petit Nicolas||.mp4||2021
Le Voyage En Armenie||.mkv||2006
Le Secret de la cité perdue|The Lost City|.mp4||2022
Le Lion||.mkv||2020
Le Retour Des Aventuriers Du Timbre Perdu||.m4v||1994
Le Sexe des Anges||.mkv|VOSTFR|2012
Le Téléphone rose||.avi||
Le retour de Sherlock Holmes||.mkv||
Le Retour des Sorciers - Alex contre Alex||.avi||
Le Viager||.mkv||1972
Le Pion||.mkv||1976
Le Forum En Folie||.avi||1967
Le Saut Du Diable||.mkv||2021
Le Sens de la Fête||.avi||2017
Le Chemin du Bonheur||.mp4||2021
Le Test||.mp4||2021
Le Chant De Bernadette||.mkv||1943
Le Dep||.avi||2015
Le Dernier Harem||.mkv||1999
Le Dernier Voyage||.mkv||2020
Le Doulos||.mkv||1962
Le Roi de l'Evasion||.mkv||2009
Le grand alibi||.avi||2007
Le jardin secret|The Secret Garden|.avi||2020
Le cercle des poètes disparus||.mkv|MULTI|1989
Le Jeu avec le Feu||.mkv||1975
Le Passage du témoin||.mp4||
Le Tresor De Matecumbe||.avi||1976
Le Discours||.mp4||2020
Le Joueur d'échecs||.mp4||2021
Le Choc des titan||.mkv|MULTI|1981
Le dernier vice-roi des Indes||.mkv||2017
Le Champignon des Carpathes||.mp4||1990
Le Jour Le Plus Long||.mkv|MULTI|1968
Le Monde D'Hier||.mp4||2022
Le Labyrinthe de Pan||.mkv|MULTI|2006
Le Parfum Histoire D Un Meurtrier||.mp4||2006
Le Parfum - Histoire d'un Meurtrier||.mkv|MULTI|2006
Le Gendarme De Saint Tropez||.mkv||1964
le seigneur des anneaux 1 - la communauté de l'anneau||.avi||
Le Temps des Secrets||.mp4||2022
Le Saut Du Diable - Le Sentier Des Loups||.mkv||2022
Les Anges Exterminateurs||.mkv||2006
Les Animaux fantastiques||.avi||2016
Les Animaux fantastiques - Les Crimes de Grindelwald||.avi||2018
Les Aventures De Jack Burton||.avi||
Les Aventures De Spirou Et Fantasio||.avi||2018
Les aventures de till l'espiegle||.mkv||1956
Les Aventuriers||.avi||1966
Les Aventuriers de l'Univers Perdu||.mkv||1983
Les Barbouzes||.avi||1964
Les bonnes manières||.avi||2017
Les Borgia||.avi||
Les Chatiments||.avi||
Les Chroniques de Noël||.mkv||2018
Les Comperes||.mkv||1983
Les Contes De Canterbury||.avi||1972
Les créatures d'un monde oublié||.avi||
Les Demoniaques||.mkv||1974
Les dents de la mer 1||.mkv||1975
Les dents de la mer 2||.mkv||1978
Les dents de la mer 3||.mkv||1983
Les démons du maïs 1 mk4||.mkv||1987
Les démons du maïs 3||.mkv||1995
Les démons du maïs 7 - Revelation||.avi||2001
Les démons du maïs 8||.avi||2009
Les Enfants de Dune - Part I||.avi||2003
Les Enfants de Dune - Part II||.avi||2003
Les Enfants de Dune - Part III||.avi||2003
Les enfants de ma soeur en Egypte||.mkv||
Les enfants de Timpelbach||.avi||
Les enquetes de Jerry et Maya - Le mystere du Stella Nostra||.mkv||2015
Les Enquetes de Jerry et Maya - Le secret des Von Broms||.mp4||2015
Les enquêtes de Jerry et Maya - La voleuse de tableau||.mkv||2014
Les Enquêtes du Département V - Dossier 64||.avi||2018
Les Estivants||.avi||2018
Les Fantasmes||.mkv||2021
Les Filles de l'ocean||.mkv||2000
Les gardiens de la galaxie||.avi||
Les Jeux De L amour Et De La Guerre||.mkv||1964
Les Larmes amères de Petra von Kant||.mkv|VOSTFR|1972
Les maitres de l univers||.mkv||1987
Les malabars sont au parfum||.mp4||
Les naufragés de la D17||.mkv||2002
Les nouvelles aventures d'Aladin||.avi||2015
Les nouvelles aventures de Fifi Brindacier||.mkv||
Les nuits de la pleine Lune||.mkv||1984
Les proies||.avi||
Les Salopes Ou Le Sucre Naturel De La Peau||.mkv||2018
Les seins de glace||.mkv||1974
Les sept mercenaires||.avi||2016
les sept peches capitaux||.mkv||1962
Les Sicarios||.avi||2017
Les soeurs Callum||.avi||
Les Sorcieres||.mkv|VOSTFR|1967
Les Sorcieres||.avi||1990
Les trottoirs de Bangkok||.avi||1984
Les tuche (2)||.mkv||
Les vierges||.avi||1963
Les aventures de Perri||.avi||1957
Les Petits Garnements À La Rescousse||.avi||2014
Les Revenants||.mkv||2004
Les secrets du chateau||.mkv||2019
Les voyageurs de l'infini - partie 1||.avi||1988
Les voyageurs de l'infini - partie 2||.avi||1988
Les Proies||.mkv||2017
Les secrets des autres||.mkv||2015
Les Tuche 4||.mkv||2021
Les Vacances de Mr Bean||.avi||
Les Maris, les Femmes, les Amants||.mkv||1989
Les Dents de la Mer 4 la revanche||.mkv|MULTI|1987
Les exploits d'un jeune Don Juan||.mkv|MULTI|1986
Les Vieux Fourneaux 2 - Bons Pour L Asile||.mp4||2022
Les Fantasmes||.avi||2021
Les diablesses|La morte negli occhi del gatto|.avi||
Les Heroines du mal||.avi||1979
Les Irreductibles||.mkv||2006
Les irreductibles||.avi||
Les Lavigueur 3 Le retour VFQ||.mkv||1995
Les Lavigueur Redemenagent VFQ||.mkv||1992
Les Lavigueurs||.AVI||
Les Possédées du diable||.mkv||1974
Les sentinelles de l'air||.avi||2004
Les 2 Alfred||.avi||2020
Les Miller, Une Famille En Herbe||.mkv||
Les Vedettes||.mp4||2022
Les Desastreuses aventures des orphelins Baudelaire||.mkv|MULTI|2004
Les Lavigueurs||.avi||1991
Les soeurs Callum||.avi||2006
Les vacances des maîtres plongeurs de National Lampoons||.mkv||1994
Les Infidèles||.mkv||2012
Les égarés||.avi||2003
Les vécés étaient fermés de l'intérieur||.avi||
Les Sans-dents||.mp4||2022
Les Segpa||.mp4||2022
James Bond 007 - - Jamais Plus Jamais||.mkv||1983
James Bond 007 - - Bons Baisers De Russie||.mkv||1963
James Bond 007 - - L Homme Au Pistolet D Or||.mkv||1974
James Bond 007 - - Goldfinger||.mkv||1964
James Bond 007 - - Permis De Tuer||.mkv||1989
James Bond 007 - - Contre Dr No||.mkv||1962
James Bond 007 - - Operation Tonnerre||.mkv||1965
James Bond 007 - - No Time To Die||.mkv||2021
James Bond 007 - - Au Service Secret De Sa Majeste||.mkv||1969
James Bond 007 - - Dangereusement Votre||.mkv||1985
James Bond 007 - - L Espion Qui M Aimait -(1080)||.mkv||1977
James Bond 007 - - Demain Ne Meurs Jamais||.mkv||1997
James Bond 007 - - Live And Let Die ()||.mp4||1973
James Bond 007 - - Tuer N est Pas Jouerp X264 ac3 mH||.mkv||1987
James Bond 007 - - Skyfall||.avi||2012
James Bond 007 - - On Ne Vit Que Deux Fois||.mkv||1967
James Bond 007 - - Goldeneye||.mkv||1995
James Bond 007 - - Casino Royale||.mkv||1967
James Bond 007 - - Meurs un autre jour DVDiP||.avi||2002
James Bond 007 - - Octopussy -(1080)||.mkv||1983
James Bond 007 - - Spectre||.mp4||2015
James Bond 007 - (xxxx) - Casino Royale||.avi||
James Bond 007 - (xxxx) - Quantum Of Solace||.avi||
James Bond 007 - - Rien Que Pour Vos Yeux||.mkv||1981
James Bond 007 - - Le Monde Ne Suffit Pas||.mkv||1999
James Bond 007 - - Live And Let Die (1973)||.mp4||1999
James Bond 007 - - Les Diamants Sont Eternels -(1080)||.mkv||1971
James Bond 007 - - Moonraker||.mkv||1979
The 355||.mp4||2022
The Adventurers||.avi||2017
The Ballad of Buster Scruggs||.avi||2018
The Book of Henry||.avi||2017
The Collector||.avi||
The Courier||.avi||2020
The Crew||.mkv||2000
The Da Vinci Code||.mkv||2006
The Disaster Artist||.mkv||2017
The Dustwalker||.mkv|VOSTFR|2019
The Embrace||.avi||1969
The Equalizer||.avi||
The Escort||.avi||2015
The Fallout||.avi||2021
The Fate of the Furious||.avi||2017
The Foreigner||.avi||2017
The French Dispatch||.avi||2021
The Great Alligator||.mkv||1979
The Greatest Showman||.avi||2017
The Grey||.avi||
The Hitmans Bodyguard||.mkv||2017
The House Elf||.avi||2019
The Hunger Games Mockingjay Part (2)||.avi||
The Hunters||.avi||2013
The Invisible Man||.avi||2020
The Kings Man||.mkv||2021
The Kissing Booth-2||.avi||2020
The look of love||.mkv||2013
The Love Witch||.mkv|VOSTFR|2016
The Matrix 4 Resurrections||.mkv|VOSTFR|2021
The Mouse On The Moon||.mkv||1963
The Mystery Of The Dragon Seal||.avi||2019
The Night Comes For Us||.avi||2018
The Orgies Of Dr Orloff||.mkv|VOSTFR|1967
The Pied Piper||.mkv|VOSTFR|1972
The Rendezvous||.avi||2017
The rules of attraction||.mkv||2002
The Rutles||.avi|VOSTFR|
The School Of Rock||.mkv||2003
The sex adventures of the three Musketeers||.mkv||1971
The Shape Of Water||.avi||2017
The Square||.mkv||2017
The Suicide Squad||.mkv||2021
The Wizard of Lies||.avi||2017
The Young Lady||.avi||2017
The Bad News Bears||.mkv||1976
The Bride|La Novia|.mkv|VOSTFR|2015
The Parent Trap 2|Papa épouse maman|.avi||1986
The Party||.mkv||1968
The tragedy of Macbeth||.mkv||2021
The Batman||.mkv||2022
The Dreamers||.mkv|MULTI|2003
The Contractor||.mkv||2022
The Duke||.mp4||2020
The Dead Dont Die||.avi||2019
The Munsters||.mp4||2022
The Family||.avi||2013
The Northman||.mp4||2022
The Catholic School||.mkv|MULTI|2022
The Best Offer||.mkv||2013
The Impossible||.mkv|MULTI|
The Call Up||.avi||2016
The New Mutants  v||.avi||2020
The Foreigner||.mkv||2017
The Swimmer||.mp4||2021
The Heretic Bride||.mp4||2017
The Adam Project||.avi||2022
The Bubble||.avi||2022
The Perfumier||.mkv||2022
The Girl Who Knew Too Much|La ragazza che sapeva troppo|.mkv|MULTI|1963
The Girl Who Believes in Miracles||.mp4||2021
The Hot Touch||.mkv|MULTI|1981
The Land of the Sons||.mkv|MULTI|2021
The Last Airbender||.mkv|MULTI|2010
The Lost Daughter||.mkv|MULTI|2021
The Mortuary Collection||.mkv||2019
The Other Woman||.avi||2014
The Shamer||.avi||2015
The Protégé||.avi||2021
The Unforgivable||.avi||2021
The Resort||.mkv||2021
The Ultimate Gift||.avi||2007
The Last Warrior - Root Of Evil||.mp4||2021
The Hyperions||.mp4||2022
The Rutles||.avi|VOSTFR|1978
The Bubble||.mkv|MULTI|2022
The Noel Diary||.mp4||2022
The Great Alligator||.mkv|VOSTFR|1979
The Wedding Unplanner||.mkv|MULTI|2020
The Infernal Machine||.mp4||2022
The Bad Batch||.avi||2016
The Machinist||.mp4||2004
The Majestic||.avi||
The Fabelmans||.mkv||2022
The Princess||.mp4||2022
The Space Between Us||.mkv||2017
The Greatest Beer Run Ever||.mp4||2022
The Meaning of Life||.mkv|MULTI|1983
The Shamers Daughter 2 The Serpent Gift||.avi||2019
The Curse of Bridge Hollow||.mp4||2022
The School for Good and Evil||.mp4||2022
The Guardians of the Galaxy Holiday Special||.mp4||2022
The People We Hate at the Wedding||.mp4||2022
The Woman King||.mp4||2022
1984||.avi||
4 latas||.mkv|MULTI|2019
2021||.mkv||2018
2033 Future Apocalypse||.avi||2009
2036 Origin Unknown||.avi||2018
2050||.avi||2020
365 Dni||.mkv||2020
37,2 le matin||.mkv||
48 vœux de Noël||.mkv||2017
8 Rue de L Humanité||.mkv||2021
Creatures de la nuit|Cold case|.mpeg||
2010 L'Annee du premier contact||.mkv||
2012 La Prophetie||.avi||2008
15 Août||.mkv||2001
À belles dents||.avi||1966
A hard days night||.mkv||1964
A Hologram for the King||.avi||2016
A La Poursuite Du Manuscrit Sacré-The Rendezvous||.avi||2017
A Nous les Garçons||.mkv||1985
A Nous Les Petites Anglaises||.mkv||1976
A Perfect Plan||.avi||2020
A Simple Wish||.mkv||1997
A Tale of Winter||.mkv||1992
A Thousand Kilometers From Christmas||.mkv||2021
A tout Casser||.avi||1968
A través de mi ventana||.mkv|MULTI|2022
ABRAHAM Partie 1||.mkv||1993
Accident Man||.avi||2018
Adam et ses clones||.mkv||
After Earth||.avi||
Afterlife of the party||.mkv||2021
Against The Wild II||.avi||2017
Agatha And The Midnight Murders||.mkv||2020
Agent secret FX-18||.mkv||1964
Agnus Dei (Cordero Dios)||.avi|VOSTFR|
Aie, toubib ne coupez pas||.mkv||1976
Airborne||.mkv||1993
Akelarre||.mkv|MULTI|2020
Akelarre||.mkv||2020
Albert à l'ouest||.avi||2014
Alex, le destin d'un roi||.avi||2019
Alexandre Le Bienheureux||.mkv||1968
Alice Through the Looking Glass||.avi||
All Saints||.mkv||2017
All Stars||.mkv||2013
All The Money In The World||.avi||2017
Alpha Girls||.mkv||2013
American Made||.mkv||2017
American Pie 2||.mkv||2001
Angel with the Iron Fists||.mkv|VOSTFR|1967
Angel||.mkv||
Angels||.mkv||2007
Animales racionales||.mkv||1983
Annabelle||.mkv||2014
Annabelle 2 - Creation||.avi||2017
Anonymously Yours||.mkv|MULTI|2021
Another Nine And A Half Weeks||.mkv||1997
Ant Man||.avi||
Apocalyspe 2024||.avi||1976
Appelez-moi Kubrick||.avi||2005
Arcade||.avi||1993
Arctic||.avi||2018
Arrete de ramer t'attaques la falaise||.avi||1979
Arsene Lupin Contre Arsene Lupin||.mkv||1962
Atlantide la cite perdue||.mkv||
Attache Moi||.mkv||1990
Attention Au Depart !||.mkv||2021
Attention, les Enfants Regardent vf||.mkv||1978
Attraction||.avi||2017
Au revoir là-haut||.avi||2017
Au temps de la guerre des étoiles||.mkv||1978
Autant en emporte le vent||.avi||1939
Ava||.avi||2017
Avalache Alley||.mp4||2001
Avatar||.mkv||2009
Avengers - Endgame||.avi||2019
Avengers - Infinity War||.avi||2018
Avengers Grimm 2||.mkv||2018
Avengers||.avi||
À Couteaux Tires||.mkv||1997
À la recherche de la Panthère Rose||.mkv||1982
À toi de faire mignonne||.avi||1963
A Land Imagined||.mkv|VOSTFR|2019
Adam à travers le temps||.mkv||2022
A l ombre des Filles||.mp4||2022
Albatros||.mkv||2021
Apex||.mkv||2021
Aventures Canadiennes||.mkv||2015
A Babysitters Guide to Monster Hunting||.avi||2020
A Bad Moms Christmas||.avi||2017
Alice Au Pays Des Merveilles||.mkv|VOSTFR|1933
Adore||.mkv||2013
Au coeur de notre amour||.mkv||2022
Alien Conquest||.mp4||2021
Ambulance||.mp4||2022
Alors On Danse||.mp4||2021
A Trois On Y Va||.avi||2014
A dangerous method||.avi||
A Vitesse Grand V||.avi||2015
Angels And Demons||.avi||
Adam By Eve||.mkv|VOSTFR|2022
Alice au pays des merveilles||.avi||
Adieu Paris||.mp4||2021
Alpha||.avi||2018
Alarme totale||.mkv|MULTI|1995
Alucarda, la hija de las tinieblas||.mkv|VOSTFR|1977
Annette||.mp4||2021
Ava||.mkv||
Attack on Finland||.mp4||2021
A Chiara||.mkv|MULTI|2021
Addicted||.mp4|VOSTFR|2014
Alad 2||.avi||2018
Alice au Pays des Merveilles||.avi||2010
Agente X 1-7 Operazione Oceano||.mkv|VOSTFR|1965
Amsterdam||.mp4||2022
A Christmas Mystery||.mp4||2022
Air Doll||.avi||
Animal Factory||.avi||
Anythings Possible||.mp4||2022
Arsenault Et Fils||.mp4||2022
Afterlife of the Party||.avi||2021
Ardiente Paciencia||.mkv|MULTI|2022
Baby Doll||.mkv|VOSTFR|1956
Bang Gang||.mkv||2015
Barbarella||.mkv||1968
Batman vs Robin||.avi||2015
Battle Drone||.avi||2018
Battle Of The Sexes||.avi||2017
Beans||.mkv||2021
Becassine||.mkv||2018
Belle De Jour||.mkv||1967
Benedetta||.mkv||2021
Bernie the Dolphin 2||.mkv||2019
Betsy||.avi||1978
Better Watch Out||.avi||2017
Bien joué Matt Helm||.mkv||1966
Bilitis||.mkv||1977
Black Butterfly||.avi||2017
Black Panther||.avi||2018
Black Snake la Légende du Serpent Noir||.mkv||2019
Blade Runner 2049||.mkv||2017
Blancanieves||.avi||2012
Blanche Neige||.avi||
Blanche-Neige et le chasseur||.mp4||
Blind Alley (El callejón)||.avi|VOSTFR|
Bollywood Fitoor||.mkv||2016
Boomerang 2015||.avi||
Boule et Bill 2||.mkv||2017
Boulevard Du Crepuscule||.avi||1950
Bride of the Incredible Hulk||.mkv||1978
Brigade des Moeurs||.mkv||1985
By Dawn's Early Light||.mkv||1990
Bye Bye Chaperon Rouge||.m4v||1989
Bellefond||.mp4||2022
Blacklight||.mkv||2022
Blanche Neige||.avi||2001
Blanche-Neige Le plus horrible des contes||.avi||
Bokeh||.avi|VOSTFR|2017
Bad Moms||.avi||2016
Big Time Adolescence||.mkv||2019
Bigbug||.avi||2022
Belle Belle Belle||.mkv||2020
Black Storm||.mkv|MULTI|2014
Baise-Moi 2000||.mp4||
Brazen||.avi||2022
Better Nate Than Ever||.mkv||2022
Burt Munro||.mkv|MULTI|2005
Bacchanales Sexuelles||.mkv||1974
Balada Triste||.mkv||2011
Belle comme l'amour||.mkv||2021
Braquage A L Italienne||.avi||2003
Betrayed||.mp4||2020
Blonde||.mp4||2022
Blood And Money||.mp4||2020
Battle Royale 2 - Requiem||.avi||
Bobby en de Geestenjagers||.avi||2014
Big GoBrick||.mp4||2022
Boiling Point||.mp4||2021
Bons Baisers De Bruges||.avi||
Bons Baisers  à Lundi||.avi||1974
Braquage A La Suedoise||.mkv||2015
Big Eyes||.avi||2014
Bag Of Bones||.avi||2011
Blasted||.mkv||2022
Barbaque||.avi||2021
Bonjour Les Vacances (2)||.mkv||1985
Braqueurs amateurs||.avi||
Black Adam||.mp4||2022
Breaking News in Yuba County||.avi||2021
Bacchanales Sexuelles||.mkv|MULTI|1974
Blacklight||.mp4||2022
Boss Level||.mkv||2020
Batman The Dark Knight Returns Part 1||.mkv||2012
Batman The Dark Knight Returns Part 2||.mkv||2013
Bienvenue en prison||.mkv|MULTI|2006
Blithe Spirit||.mp4||2020
Bones and All||.mkv||2022
C est Jeune Et Ca Sait Tout||.mkv||1974
C Est Pas Moi C Est Lui||.avi||1980
Chariot||.mp4||2022
Charlotte||.mp4||2021
Cam||.mkv||2018
Cannibal Holocaust (1980||.avi||
Capitaine Marvel||.avi||2019
Caprice||.mkv||2015
Captain America Civil War||.avi||
Captain America the Winter Soldier||.avi||
Captain Phillips||.mkv||2013
Carried Away||.mkv|VOSTFR|1996
Cartes sur Table||.avi||1966
Catch a Wave||.avi|VOSTFR|2006
Cats||.mkv||2019
Cest pas parce quon est petit||.avi||1987
Chacun Sa Vie||.avi||2017
Charlies Angels||.mkv||2019
Chassé-croisé amoureux||.mkv||
Chity chity bang bang||.avi||
Chocolate||.avi||2008
Christmas icetastrophe||.mkv||
Cinderela Pop||.mkv||2019
Cinderella||.mkv||2021
Cinquante nuances de Grey||.avi||
Cinquante nuances plus sombres||.avi||2017
Circle||.mkv|VOSTFR|2015
Click||.mkv||2006
Climax||.mkv||2018
Cloud Atlas||.avi||
Cocoon||.avi||1985
Code 8||.avi||2019
Colombiana||.mkv||2011
Casper||.avi||1995
Come Into Your Own||.avi||2019
Comedian harmonists||.mkv||1997
Conte de la folie ordinaire||.mkv|VOSTFR|1981
Cop Car||.mkv||
Cops And Robbers||.avi||2017
Coup de foudre et imprévus||.mkv||
Crazy Rich Asians||.avi||2018
Curiosa||.avi||2019
Coma||.mkv||2019
Canine||.avi||
Cookie Connection||.mkv||2014
Comme Cendrillon (2)||.avi||
Cruising - La Chasse||.avi||1980
Conan Le Destructeur||.mkv|MULTI|1984
Crush||.mp4||2022
Coco Avant Chanel||.mkv||2009
Captain Nova||.avi||2021
Coeurs Vaillants||.mp4||2021
C'était demain|Time After Time|.mkv||1979
Colombiana||.mkv|MULTI|2011
C't'à ton tour Laura Cadieux||.avi||1998
Cannon For Cordoba||.mkv||1970
Crimes of the Future||.mp4||2022
Christopher Robin (2018}||.mkv||
Coupez||.mkv||2022
City of Lies||.mp4||2018
C Est Magnifique||.mp4||2022
Conte d'éte||.mkv||1996
cria cuervos||.mkv|MULTI|1976
Cleopatra Jones and the Casino of Gold||.mkv|VOSTFR|1975
Cha Cha Real Smooth||.mkv|MULTI|2022
Casper et Wendy||.mkv|MULTI|1998
Cinderella||.mp4||2021
Champagne||.mp4||2022
C'est dur pour tout le monde||.mp4||1975
Ca Tourne A Saint Pierre Et Miquelon||.mp4||2022
Catherine Called Birdy||.mp4||2022
Christiane F - Telle est l'histoire||.mkv||2022
Cloud 9||.avi||2014
Captain Fantastic||.avi||2016
Cobalt Blue||.mkv|VOSTFR|2022
Carnaval||.avi||2021
Corpo Celeste||.mkv|VOSTFR|2011
Code Name Emperor||.mkv|MULTI|2022
Compagnons||.mp4||2021
Confess Fletch||.mp4||2022
Carrie au Bal du Diable||.avi||
Close Encounters of the Third Kind||.mkv||1977
Comment Je Suis Devenu Super-Heros||.avi||2020
Cigarettes Et Chocolat Chaud||.mkv||2016
Christmas Is Canceled||.avi||2021
Click - Telecommandez votre vie||.mkv|MULTI|2006
Cristeros - The true story of cristiada||.mkv||2012
D'où viens-tu Johnny||.mkv||1963
Daddy Cool||.mkv||2017
Daddys Home 2||.avi||2017
Dans la Forêt||.mkv||2016
Dans la grotte de batman||.mkv||2003
Dark Crystal||.mkv||1982
Dark Tower||.mkv||1989
Dark Water||.mkv||2005
Darkest Hour||.avi||2017
De père en flic||.mp4||2009
Deep End||.mkv|MULTI|1970
Delicatessen||.mkv||
Demain Tout Commence||.avi||2016
Detroit||.avi||2017
Du Vent Dans Mes Mollets||.avi||2012
Deux soeurs pour une vengeance||.mkv||2016
Diabolo menthe||.avi||1977
Dick||.mkv||1999
Dis-Moi Que Tu M'aimes||.mkv||1974
Divergente||.avi||
Doctor Who Le Seigneur du Temps||.mkv||1996
Dolphin Island||.mkv||2021
Don't Look Up||.avi||2021
Donde Caben Dos||.mkv||2021
Dont Let Go||.avi||2019
Dora and the Lost City of Gold||.mkv||2019
Double destinée||.mp4||
Downsizing||.avi||2017
Dragon-Les aventuriers du royaume de Dramis||.mkv||
Du rififi chez les mômes||.mkv||
Du rififi à Paname||.avi||1965
Dumbo||.avi||2019
Dune||.mkv|VOSTFR|2021
Dune - Jodorowskys||.avi|VOSTFR|2013
Dune Part 1|Harrison|.mkv||2000
Dune Part 2|Harrison|.mkv||2000
Dune Part 3|Harrison|.mkv||2000
Dune|Lynch|.mkv||1984
Détectives en herbe||.avi||2017
Dreams||.mkv|VOSTFR|1993
Druk||.avi||2020
Dakota||.mp4||2022
Diorama||.mp4||2022
Dans ses reves||.mp4||2009
Debout Les Crabes La Mer Monte !||.mkv||1983
Delicieux||.mkv||2021
Désir Meurtrier||.mkv|VOSTFR|1993
Dad Wanted||.mkv||2020
Domingo||.mkv|VOSTFR|2018
Doctor Strange in the verse of Madness||.mkv|MULTI|2022
Dune||.mkv||2021
DEBS||.avi||2004
Doom Of Love||.mp4||2022
Dieu n'est pas mort||.mp4||2017
Doula||.mkv||2022
Dark Angel||.mkv|MULTI|1990
Downton Abbey - A New Era||.mp4||2022
Dans La Brume||.mkv||2018
Dual||.mp4||2022
Dark Phoenix||.avi||2019
Dieu est grand, je suis toute petite||.avi||
Dr Who and the Daleks||.mkv|MULTI|1965
Dont Worry Darling||.mp4||2022
Dans La Brume Electrique||.avi||2009
Du poil sous les roses -||.avi||
Darkest Minds||.mkv||2018
Ducobu President||.mp4||2022
Ein Mann Geht Durch Die Wand||.mkv|VOSTFR|1959
El Nino Pez||.avi|VOSTFR|2009
El Topo||.mkv||1970
Ella l'Ensorcelée||.mkv||2004
Encore plus de mystères de l'Ouest||.mkv||1980
Enfant 44||.mkv||
Enfants transgenres - Qui est le mieux place pour savoir||.mkv|VOSTFR|2017
Entretien avec un vampire||.avi||1994
Epouse Moi Mon Pote||.avi||2017
Erotissimo||.mkv||
Eruption L A||.avi||2018
Espen - Le Gardien de la prophétie||.mkv||2017
Esteros||.mkv|VOSTFR|2017
Et la tendresse ? Bordel ! n°1||.avi||1978
Et la tendresse ? Bordel ! n°2|Zig-Zag Story|.mkv||1983
Et les mistrals gagnants||.avi||2017
Et ma soeur ne pense qu'à ça||.mp4||
Eureka||.avi||1983
Exodus||.mkv||1960
Entergalactic||.mp4||2022
Eyjafjallajokull le volcan||.avi||2013
Eisenstein in Guanajuato||.mkv|VOSTFR|2015
Enhanced||.mkv||2019
Extinction||.mkv||2014
Extinction||.mkv||2018
El niño de la luna||.mkv|VOSTFR|1989
Elvis||.mp4||2022
El Sustituto||.mkv|MULTI|2021
Emily the Criminal||.mkv|VOSTFR|2022
Elle|10|.mkv||1979
Emily the Criminal||.mp4||2022
Elle S'Appelait Sarah||.mkv||2010
Exodus Gods and Kings||.avi||2014
Entre les jambes||.avi||1999
Enola Holmes 2||.mp4||2022
Echoes Barefoot To TheMoon - An Acoustic Tribute To PinkFloyd||.mkv||
El Mariachi||.mkv||1993
El Páramo||.mkv|MULTI|2021
Encanto||.avi||2021
Erendira||.mkv|VOSTFR|1983
Erotissimo||.mkv||1969
Eurovision Song Contest - The Story of Fire Saga||.avi||2020
Esposa De Aluguel||.mkv|MULTI|2022
Everything Everywhere All at Once||.mp4||2022
El Buen Patron||.mkv|MULTI|2021
Enquete Sur Un Scandale d'Etat||.mp4||2021
Escape the Field||.mp4||2022
Ex Machina||.mkv|MULTI|2015
Extreme Job||.mp4||2019
En Meme Temps||.mp4||2022
Fahrenheit 451||.avi||2018
Fanny et Alexandre||.mkv||1982
Fantasia chez les ploucs||.mkv||1971
Fantasmes||.avi|VOSTFR|
Falling for Christmas||.mp4||2022
Fast And Furious 1||.mkv||2001
Fast and Furious 2 - 2 Fast 2 Furious||.mkv||2002
Fast And Furious 3 - Tokyo Drift||.mkv||2006
Fast And Furious 4||.mkv||2009
Fast And Furious 7||.avi||
Fast and Furious 8 bis - Hobbs and Shaw||.avi||2019
Faut Pas Prendre Les Enfants Du Bon Dieu Pour Des Canards Sauvages||.avi||1968
Feu Glace et Dynamite||.avi||1990
Fifi Brindacier autour du monde||.avi||1969
Fifi Brindacier chez les pirates||.avi||1970
Final Score||.avi||2018
Finding Altamira||.avi||2017
Fiston||.avi||
Flight Crew||.avi||2018
Flirting||.mkv||1991
Flu||.avi||
Forces Speciales||.avi||
FORTUNAT||.mkv||1960
Free the Nipple||.mkv|VOSTFR|2014
FullMetal Alchemist||.avi||2017
Flesh Gordon||.avi||
Fenced In||.mp4||2022
Fantastic Beasts - The Crimes Of Grindelwald||.avi||2018
Funny Games||.mkv||1997
Fantastic Beasts - The Secrets Of Dumbledore||.mp4||2022
Fall||.mp4||2022
Fatal||.avi||
Fortress 2 - Snipers Eye||.mkv||2022
Faces Places||.avi||2017
Fragile||.mkv||2021
Face Off||.mp4||1997
Flashback||.avi||2021
Fantastic Four||.mp4||2015
Freaks||.avi||2018
Freaks Out||.mp4||2021
Fantasia chez les ploucs||.avi||1971
Finding Ohana||.avi||2021
Gangsta||.avi||2018
Gangsterdam||.avi||2017
Genesis II||.mkv|VOSTFR|1973
Guardians of Time||.mp4||2022
Geostorm||.avi||2017
Girls Trip||.avi||2017
Glissements progressifs du plaisir||.mkv||1974
Gloria Mundi||.mkv||1976
Go Karts||.mkv|VOSTFR|2020
Gonflés à bloc||.avi||1969
Gothic||.mkv||1986
Greenland||.avi||2020
Gretel and Hansel||.mkv||2020
Gunpowder Milkshake||.mkv||2021
Gasoline Alley||.mkv|MULTI|2022
Ghoster||.mp4||2022
Getaway||.avi||2013
Games Of Rome||.avi||2013
Geo Disaster||.avi||2017
Gente De Bien||.mkv|VOSTFR|2014
Ghostbusters Afterlife||.mkv||2021
Grumpier Old Men||.mkv||1995
Good Kids||.avi||2016
Gogol Nachalo||.avi||2017
Gogol Strashnaya Mest||.avi||2018
Gods Crooked Lines||.mkv|MULTI|2022
Gogol Viy||.avi||2018
Gone in the Night||.mp4||2022
Good Luck to You Leo Grande||.mp4||2022
Genèse||.mkv||2019
Goodbye Emmanuelle||.avi||1977
Gifted||.mkv||2017
Harry Potter a L'ecole des Sorciers||.avi||
Harry Potter et L'ordre du Phenix||.avi||
Harry Potter et La Chambre des Secrets||.avi||
Harry Potter et La coupe de Feu||.avi||
Harry Potter et Le Prince de Sang Mele||.avi||
Harry Potter et Le Prisonnier D'azkaban||.avi||
Harry Potter et Les Reliques de la Mort part 1||.avi||
Henri Henri||.mkv||2014
Her||.avi||
High Rise Rescue||.avi||2017
Hold-up à New York||.mkv||1990
Hot Girls Wanted||.mkv||2015
Hotel Woodstock||.avi||
Hérédité||.avi||2018
Harriet l'espionne - La guerre des blogs||.avi||2010
Hellgate||.mkv|MULTI|1989
Hasta que nos volvamos a encontrar||.mkv|VOSTFR|2022
Hommes Au Bord De La Crise De Nerfs||.mp4||2022
Hard candy||.mkv||2005
Haunting on Fraternity Row||.mkv||2018
Houdini||.mkv||1953
Hello Goodbye and Everything in Between||.mp4||2022
Hocus Pocus 2||.mp4||2022
Hot Seat||.mp4||2022
Hawa||.mp4||2022
Hamburger Film Sandwich||.mkv||1977
I Tonya||.avi||2017
Ich Ein Groupie||.mkv||1970
IDENTIFICATION D'UNE FEMME||.mkv||1982
Il Etait Une Fois La Revolution||.avi||1971
Il était une fois orange mecanique||.mkv||
Ilsa Gardienne Du Harem||.avi||1976
Ilsa la tigresse du goulag||.mkv||1977
Ilsa, la louve des SS||.mkv||1975
Imagine That - Dans ses rêves||.avi||2009
in cir re ce li||.mkv||
Incognito||.mkv||
Independence Day||.avi||
Indiana Jones (1) et les aventuriers de l'arche perdue||.mkv||1981
Indiana Jones (2) et le Temple Maudit||.mkv||1984
Indiana Jones (3) et la Dernière Coisade||.mkv||1989
Infinite||.mkv||2021
Insaisissables 2||.avi||2016
Inspector Gadget 2||.avi||2003
Instant Family||.avi||2018
Instant Family||.mkv||2018
Interstellar||.mkv||
Into The Woods||.mkv|VOSTFR|2014
Intuition||.avi||2020
Invisible Boy||.avi||2015
Irana, The Jungle Girl||.avi|VOSTFR|
Iron Girl||.mkv|VOSTFR|2012
Iron Man 3||.avi||
ISRA 88||.avi||2016
Interstellar||.avi||2014
Into the Wind||.mkv||2022
I Love America||.mkv||2022
Idiocracy||.avi||2006
I Smile Back||.avi|VOSTFR|2015
Ikitie||.mkv|VOSTFR|2017
Il est elle - 1ère partie||.mkv||2020
Il est elle - 2eme partie||.mkv||2020
Il Etait une fois dans l'Ouest||.mkv|MULTI|1968
IO||.avi||2019
Imaginaerum||.avi||
Il tuo vizio è una stanza chiusa e solo io ne ho la chiave||.mkv|VOSTFR|1972
I Love You Phillip Morris||.mkv|MULTI|2009
Intacto||.mkv|MULTI|2001
Italian For Beginners||.mkv|MULTI|2000
Inexorable||.mp4||2022
Inside Out||.avi||2015
Infinite Storm||.mp4||2022
Intuition||.mkv||2020
I Feel Good||.mkv||2018
il Fiore Delle Mille E Una Notte 1974||.mkv|VOSTFR|
Inspecteur gadget 1||.mkv||1999
Insensibles||.mkv|MULTI|2012
I Love Greece||.mp4||2022
Inglourious Basterds||.mkv||2009
Incroyable Mais Vrai||.mp4||2022
Ilsa La Louve Des SS||.avi||1975
il Fiore Delle Mille E Una Notte||.mkv|VOSTFR|1974
Irreductible||.mp4||2022
I Spit On Your Grave||.mkv|MULTI|2011
Irana, The Jungle Girl||.avi|VOSTFR|2012
Inferno||.avi||2016
Its A Wonderful Binge||.mp4||2022
JACKASS VOL1||.mkv||
Jade||.mkv||
Jamais avant le mariage (1982 )||.mkv||
Jason Bourne (4), L'Héritage||.avi||
Jauja||.mkv|VOSTFR|2014
Je Suis Timide Mais Je Me Soigne||.avi||1978
Jeanne||.mkv||2019
Jeannette||.mkv||
Jeff||.avi||1969
JEREMIE||.mkv||1998
Jeux Interdits||.mkv||1952
Jojo Rabbit||.avi||2019
Judy Moody and the Not Bummer Summer||.avi||2011
Juillet-aout||.mkv||2016
Julie La Rousse||.mkv||1959
Jumanji The Next Level||.avi||2019
Jumpin Jack Flash||.mkv||1986
June||.avi|VOSTFR|2015
Jungle||.avi||2017
Jungle Cruise||.mkv||2021
Jurassic World||.mkv||2015
Jusqu Ici Tout Va Bien||.mkv||2019
Justice League||.avi||2017
Jesus||.mkv||1979
Jurassic World 2||.avi||2018
Jesus de Montreal||.avi||1989
Jesus Christ Superstar||.mkv||1973
Jurassic World Dominion||.mkv||2022
Jewel||.mp4||2022
Jurassic Park||.avi||1993
Juliet Naked||.avi||2018
Jurassic World 3 Dominion||.mp4||2022
Jack Ryan Shadow Ruit||.avi||2014
Jours Tranquilles A Clichy||.mkv||1990
J Adore Ce Que Vous Faites||.mp4||2022
Juliette et Juliette||.avi||
Jerry and Marge Go Large||.mp4||2022
Je Fais Le Mort||.mkv||
Johnny English Reborn||.mkv|MULTI|2011
Joyeuse Retraite||.avi||2019
Joyeuse Retraite 2||.mp4||2022
Justinien Trouvé ou le Batard de Dieu_||.mp4||1993
Kidnappée||.mkv||2015
Kings||.mkv||2017
KingsMan The Golden Circle||.avi||2017
Knights||.avi||1993
Knives Out||.mkv||2019
Kimi||.avi||2022
Kin-dza-dza! 2||.mkv|MULTI|1986
Kaamelott Premier Volet||.avi||2021
Kardec||.mkv|VOSTFR|2019
Kollektivet||.avi||2016
Kamikaze||.avi||1986
Kiss Meets The Phantom Of The Park||.mkv|VOSTFR|1978
Labyrinth||.mkv||1986
Labyrinthe||.avi||1986
Labyrinthe Infernal||.mkv||1991
Lady Chatterley||.avi||2006
Lady in the Water||.mkv||
Laisse aller c'est une valse||.avi||1971
Laissez Bronzer Les Cadavres||.avi||2017
Lands of Murders||.avi||2020
Largo Winch - Tome 1||.mkv||2008
Largo Winch - Tome 2||.mkv||2011
LAS VEGAS PARANO||.avi||
Last Flag Flying||.avi||2017
Legend||.mkv||1985
Let It Snow||.mkv||2019
Level 16||.mkv|VOSTFR|2018
Liberte Oleron||.avi||2000
Lili la petite sorciere - Le dragon et le sortilege de Noel||.mkv||
Little Red Wagon||.avi||2012
Little Women||.mkv||1994
Loch Ness||.mkv||1996
Logan Lucky||.avi||2017
Lolita||.mkv||1962
Lolita||.avi||1997
Long Story Short||.mkv||2021
Los hijos de Fierro VOstFr||.mkv||1972
Loulou||.mkv||1980
Love 020||.mp4||
Loving Vincent||.avi||2017
Lucrece Borgia||.mkv||1935
Las Ninas||.mkv|VOSTFR|2020
Lilla Jonssonligan Och Stjarnkuppen||.mkv|VOSTFR|2006
Litte Darlings||.mkv||1980
Lo Mas Sencillo Esplicarlo Todo||.mkv||2018
Looop Lapeta||.mkv|VOSTFR|2022
Lamb||.avi|VOSTFR|2015
Love and Leashes||.avi||2022
L ete Nucleaire||.mkv||2022
LaserHawk||.avi||1997
les dents de la mer 1||.avi||
Liberté||.avi||2019
les dents de la mer 2||.avi||
Lucía y el sexo||.avi||
les dents de la mer 3||.avi||
Laura Cadieux la suite||.m4v||1999
Licorice Pizza||.mkv||2021
Love in the Villa||.mp4||2022
Licorice Pizza||.mp4||2021
Lets Dance||.mkv||2019
Lili la petite sorcière - le dragon et le livre||.avi||
Lili La Petite Sorciere Le Voyage Vers Mandolan||.mkv|MULTI|2011
Lili La Petite Sorciere Le Voyage Vers Mandolan||.avi||2011
Loving Vincent||.mkv|MULTI|2017
Lili la petite sorcière_ le dragon et le livre||.avi||
Lucia et le sexe DivX Wawacity||.avi||
Lost Transmissions||.mp4||2019
la vengeance du serpent a plumes||.avi||
Levres de sang||.mkv||1975
Love Actually||.avi||
Los conductos||.mkv|VOSTFR|2020
Laissons Lucie Faire||.mkv||2000
Labyrinth||.mkv|MULTI|1986
Lady Chatterleys Lover||.mp4||2022
LOST IN TRANSLATION||.mkv|MULTI|
Lego - Les Aventures de Clutch Powers||.avi||2010
Live Is Life||.mkv|MULTI|2022
Lamborghini The Man Behind The Legend||.mp4||2022
Mac Et Moi||.avi||1988
Mad Max 2 - Le défi||.mkv||1981
Mad Max 3 - Au-delà du dôme du tonnerre||.mkv||1985
Mad Max 4 - Fury Road||.mkv||2015
Madtown 2016||.avi||
Maleficent Mistress of Evil||.avi||2019
Malibu Express||.mkv||1985
Mandy||.avi||2018
Maria Candelaria||.mkv|VOSTFR|1944
Marina||.avi||2013
Marionnette||.mkv||2020
Mary Poppins||.mkv||1964
Mary Queen Of Scots||.avi||2019
Matriarch||.mkv||
Men In Black - International||.avi||2019
Mercredi folle journée||.avi||2001
Mes parents chéris||.mpeg||2005
Metro Manila||.avi||
Meurtre au Soleil||.avi||1982
Meurtres à Marie-Galante||.mp4||2021
Midway||.avi||2019
Mignonnes||.mkv||2020
Millenium - Les Hommes qui n'aimaient pas les femmes||.mkv||2011
Mince Alors||.avi||2012
Mine De Rien||.mkv||2020
Miss O Gynie Et Les Hommes Fleurs||.mkv||1974
Mission A Tanger||.avi||1949
Mission Impossible 1||.avi||
Mission Impossible 2||.avi||
Mission Impossible 3||.avi||
Mission Impossible 4 - Protocole fantome||.mkv||
Mission Impossible 5 - Rogue Nation||.mkv||2015
Mission Robot (F R E D I )||.mkv||
Moi César, (10 ans ½, (1m39)||.mkv||
Mollys Game||.avi||2017
Mon Poussin||.avi||2017
Moonrise Kingdom||.avi||2012
More||.mkv||1969
Morgane||.avi||2016
Mortal||.mkv|VOSTFR|2020
Mother||.mkv||2017
Mr Nobody||.avi||2010
Mrs Tingle||.avi||1999
Murder Mystery||.mkv||2019
Mute||.avi||2018
My Little Nightmare - The Movie||.mkv|VOSTFR|2014
My New Sassy Girl||.mp4||2016
My Wonder Women||.avi||2017
Mapplethorpe||.mkv||2018
Maria Chapdelaine||.avi||2021
Mimzy Le Messager Du Futur||.avi||2007
Mine, Bernie pis la gang VFQ||.avi||1976
Mustang VFQ||.avi||1975
Monte Carlo||.avi||2011
Moonfall||.mkv||2022
Mission Paradis||.mp4||2020
Moonshot||.mp4||2022
Mirror Mirror||.mkv|MULTI|2022
Morbius||.mp4||2022
Menteur||.avi||2019
Mort sur le Nil||.mkv||2022
Millenium Le Film||.avi||2009
Maison De Retraite||.mp4||2022
Malasana 32||.mkv|MULTI|2020
Minor Premise||.mp4||2020
Mientras el Lobo No Esta||.mkv|MULTI|2017
Mr Holmes||.mkv||2015
Manatu - Le Jeu Des Trois Vérités||.avi||2007
Mangeclous||.avi||1988
Masquerade||.avi||2021
Matky||.mkv||2021
Mack and Rita||.mp4||2022
MegaVixens||.mkv||1976
Memory||.mkv|MULTI|2022
My First Summer||.mp4||2020
Memory Box||.mp4||2021
Mijn Bijzonder Rare Week Met Tess||.mkv||2019
Moi, Christiane F 13 Ans Droguée Prostituée||.mkv|MULTI|1981
Mince Alors 2||.avi||2021
Matrimillas||.mp4||2022
Meet Cute||.mp4||2022
Moonwalkers||.avi||2015
Mystère||.mkv||2021
Mystère à Saint-Tropez||.mkv||2021
Maigret||.mp4||2022
My Big Fat Greek Wedding 2||.mkv||2016
Medieval Pie Territoires Vierges||.mkv|MULTI|2007
Mine, Bernie pis la gang||.avi||1976
Minuit A Paris||.avi||
Machete Kills||.avi||2013
Mother Android||.avi||2021
Mindcage||.mp4||2022
verse||.mp4|MULTI|2019
Murder Party||.mp4||2022
Maitresse 1975||.mkv||
Naked||.mkv||2017
Naked Weapon||.mp4||2002
Napoleon and Samantha||.mkv||1972
Newness||.mkv||2017
Next||.avi||2007
Next Door||.avi||2009
NH 10 VO||.mkv||
Night Raiders||.mkv||2021
No es nada, mamá, sólo un juego||.mkv|MULTI|1974
No Way Out||.mkv||1987
Noce Blanche||.mkv||1989
Noel Romance et coincidences||.mkv||2018
NON STOP||.avi||
Nos Jours Heureux||.avi||
Notre Dame||.avi||2019
Noé||.mp4||
Neighbors (2) - Sorority Rising||.mkv||2016
Next Door||.mp4||2021
Norbourg||.mp4||2022
Nuestras Madres||.mkv|VOSTFR|2019
Neighbors 2 - Sorority Rising||.mkv||2016
Notre-Dame Brule||.mp4||2022
Nos pires voisins||.avi||2014
Next||.avi||
Norbit||.mkv||2007
Nothing to Lose||.avi|VOSTFR|2018
Nana Et Les Filles Du Bord De Mer||.avi||2020
Noel A Tous Les Etages||.mkv||2021
Ocean's Eleven||.avi||
Oceans Rising||.avi||2017
Oculus||.mkv||
Operation finale||.avi||2018
Ostwind 5||.mkv||2021
Ouija-les origines||.avi||2016
Outlaw King||.avi||2018
Operation Arctic||.avi||2014
Operation Marrakech||.mp4||1966
Odysseus & the Isle of Mists||.mkv||2008
Operation 118-318||.avi||2010
Oz||.avi||2013
Old||.mkv||2021
Oranges Sanguines||.avi||2021
Once Upon a Time in Hollywood||.avi||2019
On se calme et on boit frais||.mp4||
On Sourit pour la Photo||.mp4||2022
Pacific Rim - Uprising||.avi||2018
Palm Trees in the Snow||.avi||2015
Panther Squad||.mkv||1984
Papa par accident||.mp4||
Parallel||.mkv||2020
Passion Fish||.mkv||1992
Pauline Detective||.mkv||2012
Perceval||.mkv||1978
Percy Jackson Sea of Monsters||.avi||
Peter et le Dragon||.mkv||2016
Phantom Thread||.avi||2017
Philippe le petit||.avi||1978
Pieds nus dans l'aube||.mkv||2017
Pitch Perfect 2||.avi||2015
Pour 100 briques t'as plus rien||.avi||1982
Pourris Gâtés||.mkv||2021
Predictions||.mkv||2009
Princess Aurora||.mkv||2005
Problemos||.avi||2017
Proximity||.mkv||2020
Para entrar a vivir - Making of||.mkv|VOSTFR|2006
Para entrar a vivir||.mkv|MULTI|2006
Playmobil The Movie||.mkv||2019
Pahanhautoja||.mp4||2022
Pig||.avi||2021
Peter et Elliott le dragon||.avi||2016
Pleasure||.mkv||2021
Planet Dune||.mp4||2021
Poulets grillés - La brigade de police la plus barrée de Lyon||.mp4||2022
Permis de Construire||.mp4||2021
Princess Protection Program - Mission Rosalinda||.mkv||2009
Project Gemini||.mkv||2022
Pattaya||.mkv||2016
Petits Meurtres À L'anglaise||.mkv||2009
Pollyanna||.avi||1960
Pearl Harbor||.avi||
Péché originel||.avi||2001
Petit guide de la chasseuse de monstres||.avi||2020
Per Lanciarsi Dalle Stelle||.mp4||2022
Petits meurtres à l'Anglaise||.avi||
Pinot simple flic||.mkv||1984
Proxima||.avi||2019
Pourris Gâtés||.mp4||2021
Pour une poignée de Dollars||.mkv|MULTI|1964
Pleasure||.avi||2021
Planeta 5000||.mkv|VOSTFR|2019
Pulp Fiction||.mp4||1994
Prey||.mp4||2022
Pénélope||.avi||2008
Paradise City||.mp4||2022
Paradis amour||.avi|VOSTFR|
Quand l'inspecteur s'emmêle||.mkv||1964
Quand la Panthère Rose s'emmêle||.mkv||1976
Queen Of Niendorf||.mkv||2017
Quelques Messieurs Trop Tranquilles||.mkv||1972
Quelques Messieurs Trop Tranquilles||.mkv||1973
Queenpins||.mkv||2021
Quatre Garcons Plein D Avenir||.mkv||1997
Quelques Minutes apres Minuit||.mkv|MULTI|2016
Quien Te Cantara||.mkv|MULTI|2018
Q||.avi||2011
Rampage||.avi||2018
Ready Player One||.avi||2017
Ready Player One||.avi||2018
Recovery||.mkv|VOSTFR|
Red Lights||.avi||2012
Refroidis||.avi||2014
Regression||.mkv|MULTI|2015
Reine d'un été||.mkv|MULTI|2017
Relaxing Nature Sounds-Study-Sleep-Meditation||.mp4||
Reminiscence||.mkv||2021
Rencontres du Troisième Type||.mkv||1977
Reprisal||.avi||2018
Resonnances||.avi||2002
Richard Jewell||.avi||2019
Ricky||.mkv||2009
Risen||.avi||2016
Robin Hood Prince Of Thieves||.avi||1991
Rocketman||.avi||2019
Rambling Rose||.mkv||1991
Ramona et Beezus||.avi||
Red Rocket||.mp4||2021
Rupture||.avi||2016
Rencontre du 3e type||.mkv||1977
Restart The Earth||.mp4||2022
Rock Around the Clock||.avi||1956
Rien que pour vos cheveux||.mkv||2008
Rainbow||.mkv|MULTI|2022
Rushmore||.avi||1999
Robuste||.mp4||2021
Rien A Foutre||.mp4||2021
Rosaline||.mp4||2022
Rapiniamo Il Duce||.mkv|MULTI|2022
Rifkins Festival||.mp4||2020
Salaud On T'Aime||.mkv||
Sale temps pour les mouches||.avi||1966
Sales Gosses _2||.avi||2017
Salon Kitty||.mp4||
Salyut 7||.avi||2017
Salò ou les 120 journées de Sodome||.avi||
Samoa Regina Della Giungla||.mkv||1968
San Antonio ne pense qu'à ça||.avi||
Santa Sangre||.mkv|VOSTFR|1989
Santo Vs The Martian Invasion||.mkv|VOSTFR|1967
Scooby-doo et le monstre du lac||.mkv||2010
Scooby-doo 2 - Les monstres se déchaînent||.mkv||2004
Scooby-Doo||.mkv||
Secret Defense||.mkv||
Selena||.avi||1997
Serenity - l'ultime rebellion||.mkv||
Sex Is Comedy||.mkv||2002
Shaun of the dead||.avi||
She la deesse de feu||.mkv||1965
Shelter - vostfr||.avi||2014
Sherlock Gnomes||.avi||2018
Sherlock Holmes contre Jack l'Eventreur|A Study In Terror|.mkv||1965
Sherlock Holmes Contre Jack l'Eventreur||.avi||
Sherlock Holmes et La Perle Des Borgia (The Perl Of Death) 1944||.mkv|VOSTFR|
Shock Wave||.avi||2017
Shortbus||.mkv||2006
Sicario - La Guerre des Cartels vf-vostfr||.mkv||2018
Siesta||.mkv||1987
Signé Arsène Lupin||.mkv||1959
Silent Running||.mkv|MULTI|1972
Simon au pays des globules|Jakten Pa Nyresteinen|.mkv||1996
Sin City A Dame to Kill For||.avi||
Singularity||.mkv||2017
Sleeping beauty||.avi||2011
Solo - A Star Wars Story||.avi||2018
Sonic le hérisson||.avi||2020
Soy Nero||.mkv|VOSTFR|2016
Spider-Man - Far From Home||.mkv||2019
Spider-Man - Homecoming||.avi||2017
Spies Like Us||.mkv|VOSTFR|1985
Spy Kids 1||.mkv||2001
Spy Kids 2 - Espions en herbe||.mkv||
Spy Kids 3 - Mission 3D|GameOver|.mkv||2003
Stan and Ollie||.avi||2018
Star Wars Episode 1 - La Menace fantôme||.avi||
Star Wars Episode 2 - L'attaque des Clones||.mkv||2002
Star Wars Episode 4 - Un nouvel espoir||.avi||
Star Wars Episode 5 - l'Empire Contre Attaque||.avi||1980
Star Wars Episode 7 - Le réveil de la force||.avi||2015
Stars 80 2012||.mkv||
Stonehenge Décodé||.avi||2008
Stonewall||.avi||2016
Storm Letters Van Vuur||.mkv||2017
Strange Days||.avi||1995
Strangled||.avi||2017
Suburbicon||.avi||2017
Sucker punch v||.avi||
Suicide squad||.mkv||2016
Suicide Squad||.mp4||2016
Sumuru la cite sans hommes the girl from rio||.mkv||1969
Super Miss||.mkv||2018
Superman and the Mole Men||.mkv|VOSTFR|1951
Superman-Man of steel||.mkv||
Supernova||.avi||2000
Suspiria||.mkv||1977
Swallows And Amazons||.avi||2016
Sweet Girl||.mkv||2021
Switching goals||.mkv||1999
Saints Martyrs des Damnnés||.mkv||2005
Songbird||.mkv||2020
Spaceboy||.mkv||2021
Spring Breakdown||.avi||2009
Sneakerella||.mkv|MULTI|2022
Shaolin basket||.mkv||2008
Spring Breakers||.avi||2012
Sous Les Jupes Des Filles||.mkv||2014
She Hulk Attorney at Law S01E03||.mp4||
Spider-Man - Far From Home||.avi||2019
Secret Society of Second Born Royals||.avi||2020
Spy||.mkv||2015
Sade||.mkv||2000
Seberg||.avi||2019
Science Fiction Volume One - The Osiris Child||.avi||2016
Swiss Army Man||.mkv||2016
Screwball Academy||.avi||1986
Sluimerland||.mp4||2022
Sex Appeal||.avi||2022
See You Yesterday||.avi||2019
Si On Chantait||.avi||2021
Spaceboy||.avi||2021
Sirop d'amour||.mkv||2021
Ski School 2||.avi||1994
Smokin Aces||.mkv|MULTI|2006
Stargirl||.avi||2020
Snow Therapy||.avi||2014
Senior Year||.mp4||2022
Solar Destruction||.avi||
Sounds Like Love||.mkv||2021
Stargate SG-1 - Enfants des Dieux||.mkv||1997
Spider-Man No Way Home||.mp4||2021
Summer Lovers||.mkv||1982
Super 7 appelle le Sphinx||.mp4||
Super Heros Malgre Lui||.mp4||2022
Sous Le Ciel D'Alice||.avi||2021
Slash Back||.mkv||2022
Sky Captain And The World Of Tomorrow||.mkv|MULTI|2004
SALT||.avi||2010
Sunshine||.mkv||2007
Sicario - La Guerre des Cartels||.mkv|VOSTFR|2018
Spin||.mkv||2021
Shut In||.mp4||2022
So Cold The River||.mp4||2022
Soeur de Sang||.avi||1973
Spitfire Over Berlin||.mp4||2022
Strawberry Mansion||.mkv|VOSTFR|2021
Sacré Graal !||.avi||
Tadoussac||.mkv||2017
Talons Aiguilles||.avi||
Tartarin de Tarascon||.mkv||1962
Teatro de guerra Liberer la memoire||.mkv|VOSTFR|2018
Thelma||.avi||2017
Theoreme||.mkv|VOSTFR|1968
Tire Pas Sur Mon Collant||.mkv||1978
Titan||.mkv||2018
Tokyo Decadence||.avi|VOSTFR|1992
Tommy||.mkv||1975
Tony Rome est dangereux||.mkv||1967
Top Gun||.avi||1986
Transformers The Last Knight||.avi||2017
Treasure Island||.mp4||2018
Triassic Attack||.avi||2010
Troop Zero||.avi|VOSTFR|2019
Tu ne tueras point||.avi||2016
Tu Veux ou tu Veux Pas||.avi||2014
Two||.mkv|MULTI|2021
Taureau VFQ||.avi||1973
TGV||.mkv||1998
Through My Window||.mkv|MULTI|2022
Torremolinos 73||.mkv|VOSTFR|2003
Thor Et Le Marteau Des Dieux||.avi||2009
Terminagolf||.avi||
Tesla||.avi||2020
Toscana||.mkv|MULTI|2022
Totem||.mp4||2021
Trop jeune pour moi||.mkv||2021
Tu Dors Nicole||.mkv||2014
Tendre Et Saignant||.mp4||2022
Tetes Vides Cherchent Coffres Pleins||.avi||1980
Thor God of Thunder||.mp4||2021
Thirteen||.avi||
Thomas est Amoureux||.mkv||2001
Tralala||.mkv||2021
Tres bodas más|Three Many Weddings|.mkv|MULTI|2013
Thirteen||.avi||2003
Ticket To Paradise||.mp4||2022
Tendre Et Saignant||.mp4||2020
Tomboy||.mkv||2011
Treize jours||.avi||2001
Troll||.mp4||2022
Thats Amor||.mp4||2022
Top Gun Maverick||.mp4||2022
Thor Love and Thunder||.mkv||2022
Troop Zero||.avi||2019
Three Thousand Years of Longing||.mp4||2022
L'Affaire Pelican||.mkv||1993
L'amour l'apres midi||.mkv||1972
L'anglaise et le duc||.mkv||2001
L'appel de la forêt||.avi||2020
L'ascension||.mkv||2017
L'aube de la planète des singes||.avi||
L'aventure c'est l'aventure||.mkv||1972
L'Aventure des Ewoks - la caravane du courage||.avi||
L'Aventure Des Ewoks La Caravane Du Courage||.avi||1984
L'Echine du diable||.mkv|MULTI|2001
L'Ecume des Jours||.mp4||2013
L'Empereur De Paris||.avi||2018
L'enfer d'Henri-Georges Clouzot||.mkv||2009
L'Enfer-2009||.mkv||
L'Espion qui m'a larguée||.avi||2018
L'Exorciste||.mkv||1973
L'expérience interdite|Flatliners|.avi||2017
L'Heritage||.mkv||1976
L'homme araignée )||.mkv||1977
L'homme Aux Deux Cerveaux||.mkv||1983
L'héritage de la honte||.mkv||
L'hôtel de la plage||.avi||1978
L'ile magique||.mp4||1995
L'Incroyable Hulk||.mkv||2008
L'incroyable Hulk||.avi||
L'Invention de Morel||.mkv||1967
L'oncle de russie||.mpeg||
L'Œil De L'Astronome||.avi||2012
L'Air De Rien||.mkv||2012
L'amour à cheval||.avi||
L'année sainte||.mkv||1976
L'age de Cristal||.mkv||1976
L'Arracheuse De Temps||.mkv||2021
L'effet papillon|The Marco Effect|.mp4||2021
L’Espagne sauvage - Le retour du lynx||.mp4||
L'Espion Qui Venait Du Surgele||.mkv|MULTI|1966
L'Evenement||.mkv||2021
L'Oiseau De Paradis||.avi||2019
L'exorciste||.avi||1973
L'IMPASSE||.mkv||1993
L'Annee Du Requin||.mp4||2022
L'Invasion Secrète||.mkv||1964
L'amour à cheval||.avi||1968
L'immortel||.mkv||2010
L'Ete L'Eternite||.mp4||2021
L'Homme Bicentenaire||.mkv|MULTI|2000
L'enfant qui venait d'ailleurs||.avi||2001
Un Aller Simple||.avi||2001
Un Cadavre Au Dessert||.mkv||1976
Un foyer pour mes enfants||.mkv||2015
Un oeil sur la planète-Russie, le temps de la reconquete||.mpeg||
Un Petit Boulot||.mkv||2016
Un été à Rome||.mp4||
Under the Silver Lake||.avi||
Une flamme dans mon coeur||.avi||1987
Unlocked 2017||.avi||
Upside-down magic||.mkv||2020
Un Été Avec Les Fantômes||.m4v||2004
Uncharted||.mp4||2022
Un ete d'enfer||.mkv||1984
Un chien dans un jeu de quille||.mkv||1983
Under Her Control||.mkv|MULTI|2022
Un monde sans femmes||.avi||
Un Ete Comme ca||.mp4||2022
Un otono sin Berlin||.avi|VOSTFR|2015
Une epoque formidable||.mkv||1991
Une partie de plaisir||.mkv||1975
UltraVixens||.mkv||1979
Ultimate Game||.mkv|MULTI|2009
Un Chien Andalou||.mkv||1929
Un Coup De Tonnerre||.mkv||2005
Un Indien Dans La Ville||.mkv||1994
Un talent en or massif||.mp4||2022
Un Hombre De Accion||.mkv|MULTI|2022
Under the Skin||.avi||2013
Un Poisson Nomme Wanda||.mkv||1988
Valerian et la cité des 1000 planètes||.mkv||2017
Valmont||.mkv||1989
Van gogh||.avi||
Veronica 2017||.mkv||
Verotika||.mkv||2019
Vice versa||.avi||
Viking||.avi||2016
Ville Marie||.mkv||2015
Vincent et Theo||.mkv||1990
Virtual Encounters||.mkv||1996
Volition||.mkv|VOSTFR|2019
Volition||.mkv||2019
Viens Danser Sur La Lune||.m4v||1997
Vers le Sud||.avi||
Vortex||.mp4||2022
Vicky Cristina Barcelona||.avi||
Val||.mp4||2021
Vivre Vite||.mkv||1981
Vive Les Vacances||.avi||2015
Vengeance||.mp4||2022
Vampyres||.mkv|VOSTFR|1974
Valley of the Dead||.mkv|MULTI|2022
Volver||.mkv|MULTI|2006
vous n'aurez pas l'alsace et la lorraine (xvid)||.avi||
Venise N Est Pas En Italie||.mkv||2019
Vesper||.mp4||2022
War||.mkv||2007
War for the Planet of the Apes||.mkv||2017
War Horse||.avi||
We Bought A Zoo||.avi||
Welcome To New York DSK||.mp4||
Wet Hot American Summer||.mkv||2001
What Happened to Monday|Sisters|.avi||2017
When the Trees fall (2018 )||.mkv|VOSTFR|
While Aya Was Sleeping||.mkv|VOSTFR|2016
White House Down||.avi||
Willow||.mkv||1988
Winter War||.avi||2017
Wonder wheel||.mkv||2017
Woody Woodpecker||.avi||2017
Warning Les Signes De La Peur||.avi||2003
West Side Story||.avi||2021
What We Found||.mp4||2020
Wolfwalkers||.mp4||2020
Women In Love||.mkv|VOSTFR|1969
Where the Crawdads Sing||.mp4||2022
When the Trees fall||.mkv|VOSTFR|2018
X-Men - Dark Phoenix||.avi||2019
X-Men Apocalypse||.avi||
X-Men origins 2-Wolverine, le combat de l'immortel||.avi||
Xanadu||.mkv||1980
X||.avi||2022
X-Men - Days Of Future Past||.mp4||2014
X Men Apocalypse||.mkv||2016
X Men||.avi||
X-Men 2||.avi||
X-Men 3 L Affrontement Final||.mp4||2006
X-Men- Le Commencement||.avi||
Yes Day||.mkv||2021
You Again||.mp4||2010
Yucatan||.avi||2018
Yves Saint Laurent||.avi||2014
You Wont Be Alone||.mp4||2022
Youth||.mp4||2015
Yves||.avi||2019
Zebraman||.avi||
Zenabel||.mkv||1969
Zenon La fille du 21e siecle||.mkv||1999
Zoom||.avi||2015
Zoom - l'academie des super-heros||.avi||
Zero Contact||.mp4||2022
Zai Zai Zai Zai||.mp4||2022
Zorro||.mkv||1975
Zack Snyders Justice League||.mkv||2021
